date;Type_Jour;Total
2019-03-21;JOHV;379612
2019-03-30;SA;173863
2019-04-04;JOHV;395074
2019-05-27;JOHV;368946
2019-06-29;SA;256765
2019-07-09;JOVS;403119
2019-07-15;JOVS;357370
2019-09-27;JOHV;380853
2019-09-28;SA;192015
2019-10-01;JOHV;384948
2019-10-18;JOHV;355093
2020-01-20;JOHV;368728
2020-03-14;SA;108153
2020-04-21;JOHV;13987
2020-05-28;JOHV;57370
2020-06-13;SA;95292
2020-07-29;JOVS;180031
2020-08-01;SA;99249
2020-08-24;JOVS;158372
2020-09-06;DIJFP;76613
2020-09-07;JOHV;218583
2020-09-09;JOHV;225097
2020-10-23;JOVS;178143
2020-10-26;JOVS;184625
2020-11-17;JOHV;65666
2020-11-22;DIJFP;15657
2020-11-28;SA;100178
2020-12-04;JOHV;129370
2020-12-27;DIJFP;50839
2021-01-06;JOHV;118950
2021-01-12;JOHV;129228
2021-01-31;DIJFP;39647
2021-02-01;JOHV;91695
2021-03-07;DIJFP;27259
2021-04-08;JOHV;64018
2021-06-06;DIJFP;63922
2021-06-13;DIJFP;78229
2021-07-19;JOVS;183419
2021-07-20;JOVS;198985
2021-07-22;JOVS;193901
2021-08-19;JOVS;131834
2021-09-02;JOVS;205795
2021-09-07;JOHV;239176
2021-09-21;JOHV;251054
2021-10-08;JOHV;227654
2021-12-14;JOHV;256844
2022-01-25;JOHV;176576
2022-02-12;SA;157927
2022-03-04;JOVS;191963
2022-03-14;JOHV;235299
2022-03-18;JOHV;219648
2022-03-30;JOHV;252499
2022-03-31;JOHV;256591
2022-05-02;JOVS;211835
2022-06-07;JOHV;283266
2022-07-13;JOVS;254628
2022-07-24;DIJFP;114507
2022-08-01;JOVS;197124
2022-08-11;JOVS;188280
2022-09-28;JOHV;297358
2022-09-29;JOHV;281489
2022-10-13;JOHV;317141
2022-10-23;DIJFP;112963
2022-10-31;JOVS;208831
2022-11-29;JOHV;290341
2022-12-04;DIJFP;120783
2022-12-09;JOHV;274535
2022-12-23;JOVS;224310
2022-12-28;JOVS;213765
2023-01-30;JOHV;295165
2023-02-02;JOHV;319996
2023-02-09;JOHV;310865
2023-02-25;SA;149788
2023-02-26;DIJFP;97824
2023-04-30;DIJFP;120693
2023-08-17;JOVS;189498
2023-08-23;JOVS;254513
2023-09-09;SA;172037
2023-09-20;JOHV;341198
2023-09-21;JOHV;326217
2023-11-19;DIJFP;138906
2024-03-31;DIJFP;106136
2024-04-08;JOVS;289585
2024-04-24;JOHV;317934
2024-05-08;DIJFP;146734
2024-05-12;DIJFP;149266
2019-05-31;DIJFP;254861
2019-08-13;JOVS;232545
2019-09-15;DIJFP;111521
2019-10-03;JOHV;357598
2019-12-01;DIJFP;162376
2019-12-30;JOVS;266440
2020-01-06;JOHV;327496
2020-01-14;JOHV;373711
2020-02-18;JOVS;348214
2020-04-26;DIJFP;4723
2020-06-09;JOHV;113105
2020-06-25;JOHV;166219
2020-08-06;JOVS;168334
2020-08-22;SA;88923
2020-10-01;JOHV;230910
2020-12-06;DIJFP;74253
2021-01-07;JOHV;119577
2021-01-13;JOHV;130363
2021-02-19;JOVS;71521
2021-04-06;JOHV;52584
2021-04-30;JOHV;76307
2021-06-05;SA;105324
2021-07-25;DIJFP;66778
2021-09-22;JOHV;237121
2021-09-27;JOHV;234969
2021-10-16;SA;151964
2021-10-27;JOVS;250712
2021-11-07;DIJFP;87570
2022-02-05;SA;157812
2022-03-01;JOVS;235307
2022-06-24;JOHV;246331
2022-07-11;JOVS;266973
2022-08-08;JOVS;185424
2022-09-15;JOHV;301274
2022-11-15;JOHV;318024
2023-01-11;JOHV;327326
2023-04-09;DIJFP;110657
2023-05-09;JOHV;311149
2023-05-11;JOHV;319768
2023-05-14;DIJFP;105882
2023-09-04;JOHV;278937
2023-12-02;SA;241292
2024-03-12;JOHV;264086
2024-04-11;JOVS;301083
2019-06-25;JOHV;415689
2019-05-10;JOHV;350296
2019-07-12;JOVS;370092
2019-07-02;JOHV;435300
2019-08-26;JOVS;304951
2019-09-26;JOHV;393173
2019-10-25;JOVS;350996
2019-11-16;SA;200753
2019-11-14;JOHV;375930
2019-12-02;JOHV;401791
2019-12-08;DIJFP;100463
2019-12-19;JOHV;349018
2020-02-05;JOHV;367733
2020-03-17;JOHV;30803
2020-03-21;SA;8892
2020-10-24;SA;112770
2020-10-31;SA;30865
2020-09-12;SA;122142
2020-09-20;DIJFP;73947
2020-09-25;JOHV;208700
2020-12-02;JOHV;106392
2021-05-10;JOHV;95341
2020-12-14;JOHV;123420
2021-05-24;DIJFP;85868
2021-06-15;JOHV;191009
2021-07-30;JOVS;148990
2021-08-25;JOVS;155156
2021-04-03;SA;27595
2021-11-06;SA;151269
2021-12-21;JOVS;263967
2021-05-30;DIJFP;61741
2021-06-21;JOHV;176358
2021-08-18;JOVS;129952
2021-08-27;JOVS;145220
2022-08-16;JOVS;176425
2021-09-24;JOHV;216094
2022-12-17;SA;221610
2022-12-20;JOVS;310523
2021-12-26;DIJFP;100172
2022-01-06;JOHV;170000
2022-01-22;SA;134040
2022-03-03;JOVS;228380
2023-02-24;JOVS;224729
2022-05-28;SA;150171
2023-05-22;JOHV;275196
2022-07-09;SA;161403
2023-06-15;JOHV;329752
2023-08-20;DIJFP;90083
2023-08-31;JOVS;281771
2023-09-23;SA;175467
2022-11-19;SA;195464
2023-10-16;JOHV;251568
2023-02-12;DIJFP;111247
2023-02-28;JOVS;273553
2023-03-06;JOHV;283390
2023-04-03;JOHV;292638
2023-04-10;DIJFP;110828
2023-04-27;JOVS;293885
2023-05-28;DIJFP;124455
2023-07-20;JOVS;293269
2023-07-21;JOVS;230014
2023-07-29;SA;159113
2023-08-02;JOVS;227662
2023-08-03;JOVS;225039
2023-08-13;DIJFP;93840
2023-09-26;JOHV;336330
2023-10-22;DIJFP;117352
2024-03-16;SA;168417
2023-12-04;JOHV;325699
2024-04-28;DIJFP;113928
2024-05-31;JOHV;265858
2024-06-17;JOHV;306205
2024-06-23;DIJFP;125208
2024-07-12;JOVS;252035
2024-07-16;JOVS;310509
2024-07-18;JOVS;299207
2024-07-28;DIJFP;148181
2024-08-08;JOVS;229326
2024-08-12;JOVS;170707
2024-09-02;JOHV;312984
2024-10-02;JOHV;343652
2019-03-19;JOHV;376491
2019-04-23;JOVS;351923
2019-05-05;DIJFP;109061
2019-06-12;JOHV;419998
2019-06-27;JOHV;451880
2019-08-01;JOVS;317497
2019-08-09;JOVS;255728
2019-09-03;JOHV;360977
2019-09-05;JOHV;357848
2019-10-04;JOHV;366310
2019-10-08;JOHV;383231
2019-11-02;SA;159245
2020-01-03;JOVS;263235
2020-02-22;SA;172352
2020-03-06;JOHV;351223
2020-03-11;JOHV;329409
2020-03-12;JOHV;329814
2020-04-02;JOHV;10770
2020-04-08;JOVS;12126
2020-04-15;JOVS;13384
2020-04-22;JOHV;14238
2020-05-23;SA;37487
2020-05-26;JOHV;50078
2020-06-05;JOHV;92343
2020-06-08;JOHV;106514
2020-06-18;JOHV;140773
2020-08-15;DIJFP;79285
2020-09-01;JOHV;206670
2020-09-14;JOHV;221070
2020-09-15;JOHV;233811
2020-11-10;JOHV;67458
2020-11-23;JOHV;66253
2021-01-15;JOHV;122934
2021-02-16;JOVS;82919
2021-03-06;SA;43932
2021-03-22;JOHV;68851
2021-04-19;JOVS;59093
2021-04-20;JOVS;63827
2021-06-28;JOHV;180840
2021-08-11;JOVS;129581
2021-08-20;JOVS;118267
2021-12-05;DIJFP;126508
2022-01-15;SA;147054
2022-02-06;DIJFP;89536
2022-02-09;JOHV;233582
2022-02-16;JOHV;241512
2022-04-08;JOHV;207672
2022-05-13;JOHV;238877
2022-05-16;JOHV;269709
2022-05-29;DIJFP;96901
2022-06-15;JOHV;291899
2022-06-26;DIJFP;147297
2022-07-03;DIJFP;122494
2022-07-04;JOHV;284324
2022-08-18;JOVS;179122
2022-09-05;JOHV;277919
2022-09-14;JOHV;296811
2022-10-05;JOHV;297856
2022-11-01;DIJFP;127881
2022-12-30;JOVS;200836
2023-05-03;JOVS;283706
2023-05-16;JOHV;318347
2023-06-16;JOHV;257347
2023-07-06;JOHV;336201
2023-07-25;JOVS;284514
2023-08-11;JOVS;160554
2023-08-25;JOVS;183610
2023-08-27;DIJFP;100907
2023-09-13;JOHV;322266
2023-09-25;JOHV;303336
2023-11-05;DIJFP;108345
2023-11-08;JOHV;315362
2023-11-20;JOHV;316931
2023-11-24;JOHV;322176
2023-12-06;JOHV;354881
2023-12-14;JOHV;367773
2023-12-19;JOHV;377296
2024-01-13;SA;206481
2024-03-30;SA;167224
2024-04-16;JOVS;311746
2024-05-17;JOHV;259438
2024-06-08;SA;189338
2024-08-31;SA;208905
2024-12-11;JOHV;372218
2024-08-26;JOVS;236559
2024-09-07;SA;225846
2024-09-11;JOHV;329158
2024-09-24;JOHV;359084
2024-10-16;JOHV;344189
2024-12-13;JOHV;318701
2019-04-12;JOHV;388944
2019-04-18;JOHV;406388
2019-05-25;SA;158420
2019-04-19;JOHV;388461
2019-06-16;DIJFP;112325
2020-02-27;JOHV;379909
2019-11-13;JOHV;372729
2019-11-26;JOHV;400851
2020-04-30;JOHV;16684
2020-03-07;SA;154607
2020-05-15;JOHV;41559
2020-09-16;JOHV;226970
2020-09-19;SA;121215
2020-10-12;JOHV;204522
2020-10-03;SA;130721
2020-12-05;SA;128372
2020-12-23;JOVS;146562
2021-01-24;DIJFP;66547
2021-03-17;JOHV;94683
2021-02-07;DIJFP;24442
2021-03-26;JOHV;71571
2021-02-12;JOHV;63069
2021-04-02;JOHV;56422
2021-02-18;JOVS;81649
2021-04-05;DIJFP;16535
2021-03-20;SA;28145
2021-07-15;JOVS;192000
2021-12-27;JOVS;172767
2022-01-01;DIJFP;47540
2021-10-30;SA;154503
2022-01-10;JOHV;168031
2021-11-01;DIJFP;108295
2022-01-13;JOHV;186124
2022-04-17;DIJFP;108281
2021-11-03;JOVS;258109
2022-07-30;SA;144687
2021-11-09;JOHV;266307
2022-10-07;JOHV;268227
2021-12-11;SA;192664
2022-10-15;SA;188174
2022-08-28;DIJFP;96161
2022-12-05;JOHV;259297
2022-12-06;JOHV;282481
2022-11-16;JOHV;302650
2023-03-25;SA;152914
2022-12-13;JOHV;299963
2023-04-02;DIJFP;115235
2023-01-22;DIJFP;109133
2023-04-17;JOHV;289023
2023-03-19;DIJFP;105428
2023-05-05;JOVS;230881
2023-04-20;JOHV;297143
2023-06-27;JOHV;330650
2023-05-04;JOVS;280869
2023-07-18;JOVS;299443
2023-05-06;SA;171242
2023-10-09;JOHV;310415
2023-09-16;SA;198225
2024-03-25;JOHV;287951
2024-04-02;JOHV;306927
2024-04-07;DIJFP;137712
2024-05-26;DIJFP;122399
2019-06-06;JOHV;420325
2019-07-04;JOHV;435598
2019-08-20;JOVS;256588
2019-11-20;JOHV;381483
2019-11-30;SA;267304
2020-02-21;JOVS;347324
2020-03-23;JOHV;13917
2020-05-20;JOHV;48821
2020-05-27;JOHV;52354
2020-07-25;SA;114047
2020-08-03;JOVS;162490
2020-09-26;SA;129941
2020-11-07;SA;30084
2021-02-08;JOHV;78302
2021-04-01;JOHV;70594
2021-09-01;JOVS;219317
2021-10-26;JOVS;262213
2021-10-31;DIJFP;130000
2021-11-16;JOHV;266956
2021-11-21;DIJFP;94563
2021-12-30;JOVS;177153
2022-02-19;SA;141134
2022-03-20;DIJFP;96153
2022-06-17;JOHV;252580
2022-09-25;DIJFP;111846
2022-11-08;JOHV;315190
2022-11-22;JOHV;305529
2022-11-25;JOHV;262620
2022-12-11;DIJFP;137531
2023-01-08;DIJFP;108477
2023-01-25;JOHV;292504
2023-02-18;SA;155669
2023-10-23;JOVS;311973
2023-10-25;JOVS;324715
2023-12-23;SA;226194
2024-01-06;SA;174575
2024-01-29;JOHV;296659
2024-01-30;JOHV;326533
2024-03-06;JOHV;262602
2024-07-04;JOHV;350848
2024-07-19;JOVS;232649
2024-08-09;JOVS;205345
2024-10-22;JOVS;367855
2024-11-05;JOHV;350809
2024-11-26;JOHV;394748
2024-12-05;JOHV;415399
2019-03-23;SA;171399
2019-05-16;JOHV;393265
2019-11-11;DIJFP;134744
2020-05-10;DIJFP;6166
2020-08-30;DIJFP;66888
2020-12-01;JOHV;103800
2021-03-18;JOHV;92112
2021-03-23;JOHV;78425
2021-05-08;DIJFP;40739
2021-11-29;JOHV;244732
2022-02-14;JOHV;235899
2022-02-22;JOVS;239726
2022-05-12;JOHV;288853
2022-06-20;JOHV;266496
2022-07-05;JOHV;305982
2022-12-12;JOHV;270302
2023-01-10;JOHV;318314
2023-02-15;JOHV;315153
2023-04-25;JOVS;317245
2023-08-29;JOVS;274856
2023-09-28;JOHV;327700
2023-11-13;JOHV;311344
2023-11-15;JOHV;323078
2023-12-18;JOHV;347749
2024-01-23;JOHV;326410
2024-02-10;SA;165509
2024-06-25;JOHV;346050
2019-03-18;JOHV;367094
2019-03-25;JOHV;365825
2019-04-10;JOHV;387513
2019-06-15;SA;196011
2019-07-29;JOVS;333874
2019-09-10;JOHV;368548
2019-12-20;JOHV;343467
2020-01-17;JOHV;366369
2020-02-29;SA;181346
2020-06-06;SA;91533
2020-06-10;JOHV;116149
2020-07-03;JOHV;173181
2020-07-09;JOVS;205552
2020-07-28;JOVS;159097
2020-10-30;JOVS;61683
2020-11-18;JOHV;65947
2020-12-30;JOVS;115140
2021-03-15;JOHV;91035
2021-04-13;JOVS;64525
2021-07-28;JOVS;176770
2021-09-08;JOHV;228494
2021-12-17;JOHV;239680
2021-12-22;JOVS;238135
2022-01-27;JOHV;176674
2022-07-16;SA;154709
2022-08-27;SA;142817
2022-11-30;JOHV;273291
2022-12-03;SA;219280
2023-04-06;JOHV;247686
2023-04-11;JOHV;300874
2023-06-29;JOHV;382530
2023-08-16;JOVS;181490
2023-08-22;JOVS;260258
2024-01-03;JOVS;283306
2024-01-08;JOHV;308270
2024-01-10;JOHV;347441
2024-02-19;JOVS;239602
2024-04-30;JOHV;332279
2024-05-25;SA;186210
2024-08-02;JOVS;218395
2024-09-28;SA;207131
2024-10-03;JOHV;358110
2024-11-27;JOHV;359231
2019-07-14;DIJFP;115289
2020-03-22;DIJFP;5550
2020-05-30;SA;48590
2020-06-19;JOHV;133990
2020-09-30;JOHV;226964
2021-08-24;JOVS;161940
2021-11-23;JOHV;272609
2022-04-12;JOHV;278429
2023-01-03;JOHV;287049
2023-01-26;JOHV;299684
2023-04-12;JOHV;297344
2023-06-05;JOHV;312567
2023-06-10;SA;192497
2023-09-05;JOHV;329104
2023-09-18;JOHV;310932
2023-12-15;JOHV;302009
2024-04-27;SA;183898
2024-12-08;DIJFP;178623
2024-12-29;DIJFP;178078
2019-05-22;JOHV;386074
2019-06-02;DIJFP;107990
2019-06-05;JOHV;398572
2019-06-10;DIJFP;170557
2019-07-30;JOVS;335126
2019-08-03;SA;147641
2019-08-12;JOVS;234329
2019-09-21;SA;176359
2019-12-05;JOHV;133471
2019-12-14;SA;186157
2019-12-16;JOHV;338758
2020-06-01;DIJFP;41158
2020-06-24;JOHV;166210
2020-07-15;JOVS;210883
2020-07-18;SA;119719
2020-08-28;JOVS;167375
2021-01-16;SA;95898
2021-02-03;JOHV;99247
2021-03-19;JOHV;77262
2021-06-01;JOHV;148521
2021-10-09;SA;161726
2021-12-18;SA;197580
2022-02-28;JOVS;201840
2022-10-09;DIJFP;117906
2022-10-18;JOHV;227019
2023-01-06;JOHV;242908
2023-04-15;SA;167077
2023-05-08;DIJFP;112876
2023-06-04;DIJFP;124442
2023-07-10;JOVS;302671
2023-09-29;JOHV;276821
2023-10-20;JOHV;267988
2023-11-03;JOVS;257514
2024-01-04;JOVS;293865
2024-02-05;JOHV;297039
2024-04-22;JOHV;260922
2024-05-10;DIJFP;241318
2024-07-24;JOVS;248768
2024-08-03;SA;187739
2024-12-02;JOHV;357707
2024-12-26;JOVS;250390
2019-03-29;JOHV;380092
2019-04-06;SA;175531
2019-04-14;DIJFP;126337
2019-04-16;JOHV;397576
2019-05-26;DIJFP;98936
2019-06-19;JOHV;429351
2019-07-03;JOHV;461000
2019-09-24;JOHV;364188
2019-10-06;DIJFP;113785
2019-12-17;JOHV;292021
2020-01-21;JOHV;371360
2020-02-13;JOVS;364667
2020-03-03;JOHV;367711
2020-03-16;JOHV;92470
2020-05-29;JOHV;56836
2020-07-10;JOVS;178404
2020-07-27;JOVS;190491
2020-11-20;JOHV;61689
2021-04-18;DIJFP;21939
2021-06-30;JOHV;235383
2021-07-17;SA;117940
2021-08-01;DIJFP;61692
2021-08-17;JOVS;133373
2021-10-06;JOHV;261348
2022-09-19;JOHV;283944
2022-11-26;SA;189266
2023-01-21;SA;183871
2023-04-28;JOVS;234285
2023-05-19;DIJFP;188375
2023-06-26;JOHV;300709
2023-07-26;JOVS;270533
2023-08-10;JOVS;188540
2023-09-15;JOHV;263378
2023-11-26;DIJFP;158095
2024-02-14;JOVS;274800
2024-04-05;JOHV;249557
2024-04-21;DIJFP;95990
2024-07-03;JOHV;344905
2024-07-14;DIJFP;124908
2024-08-14;JOVS;167467
2024-11-20;JOHV;362283
2024-12-03;JOHV;387262
2019-10-13;DIJFP;117192
2020-01-26;DIJFP;108212
2020-02-19;JOVS;343482
2020-04-09;JOVS;11959
2020-04-28;JOHV;15632
2020-06-07;DIJFP;45503
2020-06-26;JOHV;151747
2020-07-08;JOVS;202519
2020-07-21;JOVS;214776
2020-10-19;JOVS;201336
2021-02-13;SA;34770
2021-03-04;JOHV;99658
2021-03-16;JOHV;94556
2021-03-27;SA;36420
2021-04-22;JOVS;75775
2021-06-02;JOHV;157745
2021-06-12;SA;125137
2021-07-03;SA;137796
2021-07-06;JOVS;228408
2021-08-05;JOVS;146911
2021-08-30;JOVS;183074
2021-10-10;DIJFP;94629
2021-10-13;JOHV;257640
2021-12-06;JOHV;243415
2022-04-25;JOVS;228631
2022-05-25;JOHV;245801
2022-06-05;DIJFP;126983
2022-07-02;SA;200960
2022-08-04;JOVS;205806
2022-09-03;SA;170278
2022-09-04;DIJFP;112007
2022-09-08;JOHV;298575
2022-09-18;DIJFP;124106
2022-10-01;SA;184106
2022-10-11;JOHV;326783
2022-10-12;JOHV;308209
2022-12-01;JOHV;280642
2022-12-14;JOHV;298606
2023-02-16;JOHV;234720
2023-03-18;SA;159182
2023-03-27;JOHV;283563
2023-04-29;SA;166950
2023-05-23;JOHV;310935
2023-06-17;SA;173500
2023-07-04;JOHV;344377
2023-10-08;DIJFP;113598
2023-10-13;JOHV;249194
2023-10-19;JOHV;326011
2023-10-28;SA;183322
2024-01-14;DIJFP;122979
2024-01-22;JOHV;303564
2024-05-05;DIJFP;112858
2024-05-07;JOHV;278970
2024-05-15;JOHV;318184
2024-06-10;JOHV;319789
2024-06-13;JOHV;344817
2024-06-24;JOHV;318667
2024-07-17;JOVS;299626
2024-08-10;SA;183820
2024-08-16;DIJFP;130868
2024-09-18;JOHV;332956
2024-10-27;DIJFP;130322
2024-10-29;JOVS;350434
2024-11-13;JOHV;339113
2024-11-19;JOHV;370952
2019-04-17;JOHV;396192
2019-05-30;DIJFP;145576
2019-06-07;JOHV;411676
2019-08-08;JOVS;277271
2019-09-07;SA;173989
2019-12-13;JOHV;313180
2019-12-22;DIJFP;139162
2020-02-23;DIJFP;99253
2020-04-18;SA;9830
2020-07-19;DIJFP;71192
2020-10-13;JOHV;216380
2020-11-27;JOHV;67275
2020-11-29;DIJFP;54919
2020-12-11;JOHV;120559
2021-01-01;DIJFP;19267
2021-03-28;DIJFP;23593
2021-05-01;DIJFP;28367
2021-05-12;JOHV;95324
2021-06-04;JOHV;142967
2021-10-21;JOHV;260320
2021-12-01;JOHV;260983
2022-01-19;JOHV;185183
2022-02-27;DIJFP;77129
2022-03-28;JOHV;233048
2022-04-22;JOHV;222038
2022-05-27;JOHV;177846
2022-06-01;JOHV;267786
2022-06-13;JOHV;270673
2022-06-28;JOHV;310101
2022-08-31;JOHV;266575
2022-09-10;SA;197140
2022-09-27;JOHV;315011
2023-02-07;JOHV;162058
2023-02-20;JOVS;273902
2023-03-11;SA;160027
2023-03-29;JOHV;290698
2023-06-09;JOHV;270431
2023-10-26;JOVS;327859
2024-02-04;DIJFP;111970
2024-03-20;JOHV;255207
2024-04-15;JOVS;283591
2024-07-06;SA;196235
2024-08-05;JOVS;234774
2024-09-16;JOHV;325128
2024-11-04;JOHV;301301
2024-11-22;JOHV;281883
2024-11-30;SA;327581
2024-12-19;JOHV;383571
2019-04-26;JOVS;352985
2019-06-21;JOHV;403496
2019-07-24;JOVS;364122
2019-08-22;JOVS;271634
2020-01-02;JOVS;261424
2020-01-12;DIJFP;120837
2020-01-18;SA;190208
2020-04-05;DIJFP;4672
2020-05-25;JOHV;52671
2020-06-22;JOHV;151052
2020-07-05;DIJFP;66574
2020-08-10;JOVS;147440
2020-09-11;JOHV;208882
2020-10-28;JOVS;201544
2020-12-18;JOHV;135231
2021-01-11;JOHV;106980
2021-02-04;JOHV;93796
2021-03-12;JOHV;81466
2021-04-29;JOHV;80984
2021-05-18;JOHV;77397
2021-06-20;DIJFP;80068
2021-08-15;DIJFP;53342
2021-11-05;JOVS;225527
2021-12-24;JOVS;154980
2022-02-17;JOHV;242017
2022-03-05;SA;138592
2022-07-12;JOVS;289182
2022-08-19;JOVS;155986
2022-11-10;JOHV;150155
2022-12-25;DIJFP;52752
2023-02-05;DIJFP;116498
2023-03-15;JOHV;245968
2023-04-24;JOVS;288117
2023-06-19;JOHV;307320
2023-10-02;JOHV;314383
2019-04-08;JOHV;379517
2019-05-06;JOHV;335670
2019-09-01;DIJFP;114129
2019-10-12;SA;188207
2019-10-24;JOVS;362426
2019-12-12;JOHV;326695
2020-04-07;JOVS;11829
2020-05-12;JOHV;39872
2020-05-14;JOHV;45032
2020-05-19;JOHV;47604
2020-11-01;DIJFP;16905
2020-12-29;JOVS;111680
2021-02-27;SA;43055
2021-05-26;JOHV;150793
2021-09-18;SA;137661
2021-11-15;JOHV;237737
2022-04-04;JOHV;225092
2022-04-05;JOHV;252230
2022-04-19;JOHV;258752
2022-04-28;JOVS;240782
2022-05-14;SA;175180
2022-06-10;JOHV;237439
2022-06-16;JOHV;299620
2022-06-22;JOHV;307609
2022-06-30;JOHV;291961
2022-07-17;DIJFP;108801
2022-07-25;JOVS;233837
2022-08-17;JOVS;178882
2022-10-25;JOVS;322432
2023-01-02;JOVS;221623
2023-02-04;SA;185498
2023-04-16;DIJFP;103156
2023-05-07;DIJFP;116691
2023-09-12;JOHV;339023
2023-10-17;JOHV;279501
2023-12-27;JOVS;230619
2024-02-01;JOHV;308952
2024-03-22;JOHV;213235
2024-10-30;JOVS;319353
2019-06-01;SA;159665
2019-06-17;JOHV;401424
2019-08-02;JOVS;297472
2019-10-14;JOHV;367598
2020-01-16;JOHV;336179
2020-02-04;JOHV;388182
2020-03-27;JOHV;12406
2020-11-19;JOHV;66475
2020-11-26;JOHV;68396
2021-04-14;JOVS;63020
2021-05-07;JOHV;87938
2022-02-03;JOHV;208926
2022-03-07;JOHV;222532
2022-06-25;SA;192404
2022-08-02;JOVS;219759
2022-08-25;JOVS;216130
2022-08-30;JOVS;270877
2022-11-17;JOHV;311291
2023-01-05;JOHV;301195
2023-01-16;JOHV;300955
2023-05-29;DIJFP;144001
2023-06-14;JOHV;317278
2023-09-01;JOVS;231226
2023-12-09;SA;213972
2024-05-09;DIJFP;197621
2024-05-20;DIJFP;153357
2024-07-09;JOVS;342889
2024-07-13;SA;185151
2024-07-29;JOVS;248823
2024-10-14;JOHV;332196
2019-05-07;JOHV;350577
2020-01-10;JOHV;352761
2020-04-04;SA;8943
2020-06-16;JOHV;134617
2021-07-16;JOVS;171091
2021-11-22;JOHV;248307
2021-11-26;JOHV;258168
2022-01-08;SA;133104
2022-02-21;JOVS;210856
2022-03-26;SA;148695
2022-04-26;JOVS;252884
2022-05-17;JOHV;302754
2022-07-19;JOVS;262266
2022-08-20;SA;130109
2022-11-27;DIJFP;133001
2023-02-17;JOHV;258114
2023-11-12;DIJFP;127972
2024-02-16;JOVS;212155
2024-04-19;JOVS;233780
2024-10-18;JOHV;281308
2019-03-22;JOHV;375569
2019-05-19;DIJFP;104445
2019-05-20;JOHV;375802
2019-06-20;JOHV;411670
2019-07-23;JOVS;372278
2019-07-08;JOVS;392341
2019-10-16;JOHV;364346
2019-08-04;DIJFP;98470
2019-10-22;JOVS;347645
2019-08-28;JOVS;320873
2019-11-18;JOHV;382713
2019-09-08;DIJFP;111665
2019-12-29;DIJFP;115946
2019-09-09;JOHV;359680
2020-02-15;SA;156983
2019-10-19;SA;173135
2020-04-01;JOHV;11334
2020-04-12;DIJFP;5052
2019-12-26;JOVS;221522
2020-05-09;SA;14137
2020-03-08;DIJFP;92926
2020-05-24;DIJFP;23821
2020-04-10;JOVS;12572
2020-06-23;JOHV;168308
2020-05-02;SA;12589
2020-07-01;JOHV;184579
2020-05-17;DIJFP;17983
2020-08-11;JOVS;148620
2020-06-17;JOHV;136574
2020-08-16;DIJFP;51226
2020-07-20;JOVS;198046
2020-09-04;JOHV;202726
2020-08-25;JOVS;175234
2020-10-05;JOHV;219871
2020-09-24;JOHV;229719
2020-11-15;DIJFP;15076
2020-10-07;JOHV;216580
2020-11-30;JOHV;99106
2021-02-14;DIJFP;21349
2021-01-25;JOHV;117948
2021-02-25;JOVS;93390
2021-05-06;JOHV;92364
2021-06-03;JOHV;158566
2021-08-14;SA;86516
2021-06-07;JOHV;125879
2021-08-21;SA;88845
2021-06-17;JOHV;184731
2021-09-29;JOHV;249529
2021-06-25;JOHV;173988
2021-11-12;DIJFP;165307
2021-11-13;SA;150262
2021-12-04;SA;190099
2021-08-12;JOVS;128172
2021-10-29;JOVS;219377
2022-01-05;JOHV;166784
2022-09-06;JOHV;302303
2022-10-06;JOHV;312059
2021-11-27;SA;203256
2022-01-02;DIJFP;85258
2022-01-31;JOHV;182897
2022-02-11;JOHV;205255
2022-02-15;JOHV;245115
2022-03-16;JOHV;270483
2022-04-02;SA;162719
2022-04-10;DIJFP;89868
2022-04-15;JOHV;216234
2022-04-30;SA;131573
2022-05-20;JOHV;228635
2022-06-03;JOHV;230545
2022-08-07;DIJFP;91584
2022-08-13;SA;123074
2022-10-29;SA;170674
2022-09-07;JOHV;292919
2022-11-04;JOVS;249296
2023-02-06;JOHV;302572
2023-08-12;SA;129399
2023-07-27;JOVS;264693
2024-01-05;JOVS;243176
2023-10-04;JOHV;325939
2024-01-20;SA;194470
2023-12-12;JOHV;379642
2024-01-21;DIJFP;112808
2024-03-01;JOHV;242580
2024-01-24;JOHV;318370
2024-01-27;SA;169292
2024-02-26;JOHV;293838
2024-04-06;SA;189357
2024-04-13;SA;174675
2024-05-18;SA;176134
2024-05-29;JOHV;332909
2024-07-07;DIJFP;132580
2024-07-08;JOVS;313424
2024-07-15;JOVS;280790
2024-07-22;JOVS;259696
2024-07-31;JOVS;248394
2024-08-11;DIJFP;134288
2024-08-22;JOVS;204762
2024-09-06;JOHV;293321
2024-09-23;JOHV;331032
2024-09-29;DIJFP;134431
2024-11-01;DIJFP;162684
2024-12-17;JOHV;393954
2024-12-25;DIJFP;74695
2019-07-19;JOVS;353355
2019-08-18;DIJFP;83749
2019-09-19;JOHV;364253
2019-09-20;JOHV;349207
2019-11-09;SA;179833
2019-12-04;JOHV;394384
2019-12-06;JOHV;226973
2019-12-18;JOHV;345048
2020-02-01;SA;201545
2020-02-28;JOHV;365797
2020-03-29;DIJFP;4330
2020-04-03;JOHV;11872
2020-04-11;SA;9357
2020-04-29;JOHV;15662
2020-05-31;DIJFP;25639
2020-06-14;DIJFP;50820
2020-07-12;DIJFP;64931
2020-08-05;JOVS;171407
2020-08-23;DIJFP;53569
2020-09-05;SA;126587
2020-09-17;JOHV;223610
2020-10-04;DIJFP;73808
2020-10-16;JOHV;191603
2020-12-15;JOHV;129197
2020-12-24;JOVS;111339
2020-12-28;JOVS;114431
2021-02-09;JOHV;78608
2021-02-10;JOHV;68495
2021-02-23;JOVS;92022
2021-04-12;JOVS;64310
2021-04-25;DIJFP;27347
2021-05-02;DIJFP;28775
2021-06-27;DIJFP;74848
2021-06-29;JOHV;204481
2021-07-05;JOVS;207938
2021-07-29;JOVS;173956
2021-08-22;DIJFP;57165
2021-09-12;DIJFP;83348
2021-09-14;JOHV;249282
2021-10-23;SA;152616
2021-11-19;JOHV;231838
2021-11-28;DIJFP;129120
2021-12-10;JOHV;230566
2022-01-16;DIJFP;87322
2022-02-20;DIJFP;83648
2022-03-15;JOHV;259359
2022-03-22;JOHV;265440
2022-04-03;DIJFP;101014
2022-04-11;JOHV;244100
2022-04-13;JOHV;261422
2022-05-15;DIJFP;114835
2022-05-23;JOHV;269447
2022-08-03;JOVS;207762
2022-09-17;SA;187859
2022-09-21;JOHV;297154
2022-10-27;JOVS;304910
2022-11-02;JOVS;283469
2022-11-13;DIJFP;113658
2023-01-01;DIJFP;55880
2023-01-09;JOHV;286850
2023-01-29;DIJFP;110361
2023-03-17;JOHV;243340
2023-04-08;SA;192010
2023-07-12;JOVS;302061
2023-10-06;JOHV;285901
2024-02-13;JOVS;297077
2024-02-22;JOVS;288920
2024-04-03;JOHV;314565
2024-04-29;JOHV;301885
2024-05-02;JOHV;305717
2024-06-14;JOHV;267288
2024-06-16;DIJFP;117515
2024-06-26;JOHV;361319
2024-07-25;JOVS;255875
2024-08-13;JOVS;185232
2024-09-04;JOHV;337219
2024-09-05;JOHV;346322
2024-11-06;JOHV;335479
2024-11-14;JOHV;362296
2024-11-17;DIJFP;156366
2024-11-28;JOHV;383093
2024-12-15;DIJFP;185309
2024-12-20;JOHV;324239
2024-12-22;DIJFP;199007
2024-12-30;JOVS;267775
2024-05-27;JOHV;305417
2024-06-01;SA;195156
2024-06-11;JOHV;348980
2024-07-02;JOHV;358510
2024-09-22;DIJFP;126588
2024-09-30;JOHV;336710
2024-10-12;SA;200266
2024-12-24;JOVS;222092
2024-04-25;JOHV;335294
2024-09-10;JOHV;351637
2019-04-20;SA;165628
2019-07-11;JOVS;387683
2019-06-03;JOHV;379570
2019-08-24;SA;138427
2019-09-25;JOHV;379587
2019-08-31;SA;160209
2019-09-29;DIJFP;117810
2019-11-03;DIJFP;99679
2019-11-27;JOHV;409934
2019-12-15;DIJFP;116656
2020-02-12;JOVS;357213
2020-03-09;JOHV;338541
2020-03-15;DIJFP;34879
2020-02-25;JOHV;379604
2020-06-29;JOHV;169570
2020-07-13;DIJFP;139519
2020-04-25;SA;10159
2020-07-16;JOVS;216889
2020-06-02;JOHV;74858
2020-10-18;DIJFP;71191
2020-06-04;JOHV;81212
2020-06-21;DIJFP;56347
2020-11-16;JOHV;64885
2020-12-03;JOHV;110611
2021-01-04;JOHV;111820
2021-02-28;DIJFP;27234
2020-12-07;JOHV;110938
2021-05-14;DIJFP;63092
2020-12-17;JOHV;134144
2021-01-09;SA;105062
2021-02-24;JOVS;92866
2021-03-25;JOHV;79576
2021-09-17;JOHV;211604
2021-04-27;JOHV;86500
2021-05-15;SA;43094
2022-02-18;JOHV;148984
2022-03-19;SA;155950
2022-03-24;JOHV;260022
2022-05-03;JOVS;240988
2021-09-16;JOHV;242246
2022-08-24;JOVS;214032
2021-09-30;JOHV;257419
2021-10-15;JOHV;227210
2023-01-14;SA;191463
2023-01-18;JOHV;312740
2023-02-03;JOHV;258749
2023-02-08;JOHV;289008
2022-04-21;JOHV;272946
2023-03-14;JOHV;309540
2022-05-30;JOHV;233883
2023-06-11;DIJFP;119465
2022-08-12;JOVS;161334
2022-10-20;JOHV;321431
2022-11-11;DIJFP;151290
2022-11-18;JOHV;265420
2023-10-14;SA;179739
2022-12-29;JOVS;223911
2023-11-16;JOHV;339152
2023-12-01;JOHV;293403
2023-10-05;JOHV;359490
2023-12-07;JOHV;364885
2023-10-11;JOHV;322177
2023-12-22;JOHV;291290
2023-10-21;SA;170401
2024-02-25;DIJFP;99386
2023-11-14;JOHV;348902
2024-03-24;DIJFP;100285
2023-12-17;DIJFP;157403
2024-01-12;JOHV;276602
2024-01-25;JOHV;326904
2024-03-05;JOHV;316887
2024-03-27;JOHV;302957
2024-04-04;JOHV;319062
2024-04-18;JOVS;301390
2024-04-20;SA;187227
2019-03-17;DIJFP;111500
2019-03-26;JOHV;384052
2019-04-09;JOHV;390734
2019-05-23;JOHV;395930
2019-06-30;DIJFP;152949
2019-07-27;SA;159454
2019-09-12;JOHV;375359
2019-10-15;JOHV;367801
2019-10-31;JOVS;324862
2019-11-28;JOHV;423429
2020-01-01;DIJFP;55763
2020-01-11;SA;186085
2020-01-23;JOHV;373424
2020-01-27;JOHV;372250
2020-08-08;SA;97658
2020-08-29;SA;107148
2020-10-11;DIJFP;71587
2020-11-05;JOHV;59910
2020-11-09;JOHV;64512
2020-12-10;JOHV;115842
2020-12-16;JOHV;132148
2020-12-25;DIJFP;17808
2021-01-08;JOHV;116364
2021-01-30;SA;126525
2021-02-11;JOHV;70636
2021-02-20;SA;47050
2021-03-21;DIJFP;17540
2021-04-09;JOHV;61759
2021-04-11;DIJFP;21385
2021-05-20;JOHV;123273
2021-05-29;SA;105728
2021-06-09;JOHV;147521
2021-06-24;JOHV;197422
2021-07-07;JOVS;222497
2021-09-03;JOHV;193479
2021-09-04;SA;128344
2021-09-20;JOHV;228906
2021-10-07;JOHV;260274
2022-01-04;JOHV;171951
2022-02-02;JOHV;204211
2022-03-02;JOVS;227614
2022-03-12;SA;145938
2022-03-21;JOHV;240470
2022-04-23;SA;148108
2022-05-01;DIJFP;59884
2022-05-21;SA;158529
2022-07-15;JOVS;184986
2022-07-29;JOVS;194309
2022-08-23;JOVS;216711
2022-09-11;DIJFP;114569
2022-10-21;JOHV;264311
2022-11-20;DIJFP;111211
2023-01-04;JOHV;280116
2023-01-19;JOHV;113604
2023-02-19;DIJFP;102302
2023-02-21;JOVS;296390
2023-02-27;JOVS;252363
2023-03-05;DIJFP;105248
2023-03-10;JOHV;235407
2023-03-22;JOHV;299505
2023-04-01;SA;166654
2023-04-19;JOHV;302043
2023-05-20;SA;179993
2023-05-27;SA;169459
2023-06-02;JOHV;259835
2023-06-12;JOHV;301937
2023-06-13;JOHV;338480
2023-07-01;SA;162322
2023-07-11;JOVS;329149
2023-08-24;JOVS;225054
2023-09-10;DIJFP;117310
2023-09-22;JOHV;272313
2023-11-18;SA;198623
2023-11-29;JOHV;341352
2023-12-10;DIJFP;159101
2024-01-18;JOHV;300658
2024-02-08;JOHV;312407
2024-02-24;SA;161307
2024-03-15;JOHV;236401
2024-03-19;JOHV;310521
2024-04-09;JOVS;302274
2024-05-14;JOHV;338381
2024-09-08;DIJFP;134876
2024-09-13;JOHV;275425
2024-09-27;JOHV;294362
2024-10-01;JOHV;359325
2024-10-31;JOVS;307712
2024-11-03;DIJFP;151596
2024-12-10;JOHV;394651
2019-04-21;DIJFP;111735
2019-04-25;JOVS;371463
2019-04-28;DIJFP;106205
2019-05-04;SA;152143
2019-06-13;JOHV;413528
2019-07-18;JOVS;374618
2019-08-15;DIJFP;111107
2019-09-04;JOHV;358151
2019-09-14;SA;177956
2019-09-23;JOHV;345439
2019-10-20;DIJFP;111184
2019-10-23;JOVS;350265
2019-11-01;DIJFP;142055
2019-11-08;JOHV;339573
2019-11-23;SA;203802
2020-01-29;JOHV;369048
2020-02-02;DIJFP;117019
2020-02-07;JOHV;362296
2020-03-02;JOHV;359546
2020-05-05;JOHV;18803
2020-06-03;JOHV;74409
2020-06-28;DIJFP;64604
2020-07-06;JOVS;188855
2020-08-18;JOVS;146589
2020-09-18;JOHV;210686
2020-10-08;JOHV;216245
2020-11-02;JOHV;66584
2020-11-08;DIJFP;14014
2020-12-26;SA;96945
2021-01-02;SA;90202
2021-01-21;JOHV;134837
2021-01-23;SA;117359
2021-03-14;DIJFP;26925
2021-03-30;JOHV;89769
2021-04-16;JOVS;57899
2021-06-16;JOHV;185854
2021-07-10;SA;128857
2021-08-04;JOVS;145558
2021-08-13;JOVS;115783
2021-08-16;JOVS;118961
2021-11-04;JOVS;260341
2021-11-25;JOHV;267498
2021-12-20;JOVS;257649
2022-01-21;JOHV;161335
2022-03-10;JOHV;249000
2022-04-01;JOHV;201015
2022-04-06;JOHV;249345
2022-05-24;JOHV;276491
2022-07-07;JOVS;291573
2022-08-10;JOVS;193914
2022-08-15;DIJFP;101373
2022-09-16;JOHV;256077
2022-10-03;JOHV;296714
2022-10-26;JOVS;305087
2022-10-30;DIJFP;120642
2022-11-07;JOHV;285859
2022-11-24;JOHV;279705
2022-12-02;JOHV;257477
2022-12-18;DIJFP;123255
2022-12-26;JOVS;191414
2023-04-07;JOHV;242394
2023-05-13;SA;203504
2023-05-15;JOHV;332159
2023-06-30;JOHV;279733
2023-07-15;SA;160068
2023-07-17;JOVS;267747
2023-07-28;JOVS;209336
2023-08-05;SA;146715
2023-08-30;JOVS;266039
2023-09-11;JOHV;309782
2023-12-21;JOHV;352550
2023-12-31;DIJFP;154057
2024-01-09;JOHV;330317
2024-03-04;JOHV;281227
2024-04-12;JOVS;244991
2024-04-23;JOHV;298047
2024-05-21;JOHV;283285
2024-06-04;JOHV;345879
2024-07-20;SA;162647
2024-08-06;JOVS;240002
2024-08-20;JOVS;208238
2024-08-21;JOVS;200604
2024-10-19;SA;201211
2019-03-28;JOHV;395826
2019-03-31;DIJFP;132600
2019-04-03;JOHV;381627
2019-04-05;JOHV;387566
2019-05-09;JOHV;342344
2019-05-11;SA;173234
2019-05-21;JOHV;390802
2019-05-29;JOHV;366922
2019-07-21;DIJFP;117056
2019-07-22;JOVS;357747
2019-08-14;JOVS;226321
2019-08-29;JOVS;330674
2019-09-02;JOHV;335844
2019-10-02;JOHV;371126
2019-10-21;JOVS;346123
2019-10-27;DIJFP;115629
2019-11-19;JOHV;388912
2020-02-16;DIJFP;114793
2020-03-25;JOHV;12059
2020-04-06;JOVS;12099
2020-04-27;JOHV;15176
2020-09-22;JOHV;234713
2020-10-02;JOHV;212424
2020-11-04;JOHV;60367
2020-11-14;SA;31450
2020-12-13;DIJFP;69878
2020-12-31;JOVS;96260
2021-01-03;DIJFP;51988
2021-02-05;JOHV;82012
2021-03-03;JOHV;99147
2021-03-24;JOHV;80514
2021-03-29;JOHV;80529
2021-06-14;JOHV;169732
2021-07-08;JOVS;226003
2021-07-23;JOVS;160154
2021-07-24;SA;105464
2021-08-06;JOVS;130086
2021-08-09;JOVS;125179
2021-08-23;JOVS;142973
2021-09-10;JOHV;207362
2021-09-25;SA;156510
2021-09-26;DIJFP;90671
2021-10-19;JOHV;268878
2021-11-08;JOHV;244990
2022-01-14;JOHV;173474
2022-01-18;JOHV;190423
2022-01-30;DIJFP;82944
2022-03-08;JOHV;251925
2022-05-05;JOVS;255746
2022-06-02;JOHV;270651
2022-06-12;DIJFP;133643
2022-06-27;JOHV;276265
2022-07-14;DIJFP;145952
2022-08-21;DIJFP;86058
2022-09-26;JOHV;286180
2022-10-22;SA;178986
2022-11-14;JOHV;283601
2023-01-15;DIJFP;131866
2023-02-22;JOVS;281188
2023-03-30;JOHV;309302
2023-05-21;DIJFP;100307
2023-06-06;JOHV;326860
2023-07-03;JOHV;311352
2023-07-05;JOHV;334173
2023-07-23;DIJFP;114097
2023-07-30;DIJFP;108546
2023-08-07;JOVS;195797
2023-08-19;SA;130035
2023-09-03;DIJFP;115930
2023-09-08;JOHV;259830
2023-10-15;DIJFP;132237
2023-10-27;JOVS;266158
2023-11-21;JOHV;351291
2023-11-25;SA;269849
2024-01-02;JOVS;250904
2024-02-02;JOHV;237776
2024-02-09;JOHV;255722
2024-02-20;JOVS;265357
2024-03-13;JOHV;277359
2024-04-26;JOHV;258394
2024-05-01;DIJFP;90040
2019-03-16;SA;169075
2019-04-11;JOHV;397541
2019-04-13;SA;188708
2019-08-06;JOVS;289573
2019-08-21;JOVS;263780
2019-09-17;JOHV;383915
2019-10-11;JOHV;363868
2019-10-26;SA;194752
2019-11-07;JOHV;353167
2019-11-21;JOHV;390109
2019-11-29;JOHV;467210
2019-12-03;JOHV;411860
2019-12-07;SA;165357
2019-12-11;JOHV;304223
2020-01-22;JOHV;359965
2020-01-24;JOHV;304588
2020-02-03;JOHV;378955
2020-02-17;JOVS;327896
2020-03-20;JOHV;14850
2020-05-11;JOHV;39139
2020-07-07;JOVS;207970
2020-08-09;DIJFP;62856
2020-10-22;JOVS;200927
2020-10-25;DIJFP;68924
2020-10-27;JOVS;196567
2020-12-19;SA;125750
2021-01-18;JOHV;110719
2021-01-22;JOHV;125636
2021-03-31;JOHV;74217
2021-05-09;DIJFP;27493
2021-05-21;JOHV;116758
2021-08-07;SA;92231
2021-08-08;DIJFP;62147
2021-08-26;JOVS;161309
2021-08-29;DIJFP;68559
2021-10-11;JOHV;244037
2021-10-24;DIJFP;92731
2021-11-02;JOVS;249449
2021-11-11;DIJFP;115422
2021-12-08;JOHV;256285
2021-12-13;JOHV;242591
2021-12-19;DIJFP;137430
2021-12-28;JOVS;181754
2022-02-10;JOHV;232135
2022-03-25;JOHV;209577
2022-04-14;JOHV;265579
2022-04-20;JOHV;261041
2022-06-08;JOHV;279302
2022-06-14;JOHV;303441
2022-09-09;JOHV;250107
2022-09-22;JOHV;302187
2022-09-30;JOHV;267764
2022-12-19;JOVS;287521
2023-01-27;JOHV;247099
2023-01-31;JOHV;132481
2023-02-11;SA;167834
2023-04-18;JOHV;318244
2023-04-26;JOVS;296530
2023-05-10;JOHV;308326
2023-05-12;JOHV;258625
2023-06-25;DIJFP;120256
2023-07-09;DIJFP;124663
2023-07-31;JOVS;237057
2023-10-07;SA;180374
2023-11-04;SA;168777
2023-11-06;JOHV;268306
2023-11-23;JOHV;348845
2024-01-26;JOHV;260629
2024-01-31;JOHV;306322
2024-02-17;SA;145213
2024-02-21;JOVS;282349
2024-03-14;JOHV;287021
2024-03-26;JOHV;324547
2024-05-11;SA;211685
2024-05-13;JOHV;291701
2024-06-06;JOHV;343572
2024-06-21;JOHV;277896
2024-07-23;JOVS;282175
2024-08-17;SA;123357
2024-08-19;JOVS;186350
2024-08-25;DIJFP;100516
2024-09-20;JOHV;280424
2024-10-23;JOVS;339481
2024-11-09;SA;210877
2024-11-16;SA;235116
2024-07-01;JOHV;320505
2024-07-11;JOVS;322261
2024-09-14;SA;190867
2024-10-10;JOHV;353397
2024-10-13;DIJFP;131148
2024-10-21;JOVS;336485
2024-11-02;SA;184466
2024-11-11;DIJFP;142748
2024-12-06;JOHV;329050
2019-03-20;JOHV;371356
2019-12-28;SA;166041
2020-01-25;SA;186790
2020-07-22;JOVS;209804
2020-08-17;JOVS;139029
2020-12-08;JOHV;109414
2020-12-20;DIJFP;82715
2021-02-17;JOVS;82579
2021-03-02;JOHV;99276
2021-03-10;JOHV;92297
2021-04-17;SA;34014
2021-06-23;JOHV;190442
2021-06-26;SA;121820
2021-07-02;JOHV;194689
2021-07-09;JOVS;189475
2021-10-22;JOHV;227090
2021-12-09;JOHV;253440
2021-12-25;DIJFP;42434
2022-01-03;JOHV;176869
2022-04-09;SA;142677
2022-05-22;DIJFP;93214
2022-09-13;JOHV;308196
2022-11-21;JOHV;293908
2022-12-21;JOVS;284133
2023-01-13;JOHV;264161
2023-02-13;JOHV;302648
2023-03-03;JOVS;223330
2023-03-24;JOHV;238884
2023-04-23;DIJFP;110629
2023-08-15;DIJFP;103249
2024-02-11;DIJFP;103779
2024-02-27;JOHV;301022
2024-04-17;JOVS;293289
2024-08-01;JOVS;247124
2024-12-07;SA;303083
2024-05-06;JOHV;270515
2024-05-19;DIJFP;127270
2024-05-24;JOHV;264301
2024-06-09;DIJFP;124502
2024-08-28;JOVS;253183
2024-09-01;DIJFP;162682
2024-11-25;JOHV;349020
2019-05-18;SA;158764
2019-06-26;JOHV;459689
2019-07-01;JOHV;415555
2019-07-16;JOVS;375466
2019-08-17;SA;121811
2019-09-18;JOHV;374340
2019-11-04;JOHV;334939
2021-01-17;DIJFP;56368
2021-02-26;JOVS;76067
2021-05-13;DIJFP;39578
2021-05-22;SA;107448
2021-05-31;JOHV;118219
2021-09-15;JOHV;242793
2021-09-23;JOHV;248249
2021-10-01;JOHV;226187
2021-10-18;JOHV;242207
2021-11-14;DIJFP;85196
2021-11-24;JOHV;258809
2023-11-09;JOHV;328372
2023-11-10;JOHV;267345
2023-12-28;JOVS;236271
2023-12-30;SA;194581
2019-04-01;JOHV;376080
2019-05-13;JOHV;374567
2019-06-11;JOHV;419479
2019-11-05;JOHV;337585
2019-11-12;JOHV;353744
2019-11-15;JOHV;380304
2020-01-15;JOHV;369645
2020-01-19;DIJFP;114336
2020-02-06;JOHV;370553
2020-04-17;JOVS;13591
2020-05-18;JOHV;45711
2020-06-15;JOHV;123663
2020-06-30;JOHV;148972
2020-09-10;JOHV;224857
2020-09-27;DIJFP;72355
2020-10-29;JOVS;231991
2020-11-03;JOHV;62642
2020-11-11;DIJFP;21752
2021-02-15;JOVS;70265
2021-03-05;JOHV;79208
2021-03-13;SA;44033
2021-04-26;JOHV;78244
2021-05-27;JOHV;157162
2021-06-10;JOHV;155085
2021-07-14;DIJFP;104498
2021-09-09;JOHV;230829
2021-10-14;JOHV;264829
2022-01-20;JOHV;179741
2022-01-26;JOHV;175948
2022-01-29;SA;141181
2022-02-04;JOHV;187737
2022-03-13;DIJFP;90250
2022-03-27;DIJFP;87880
2022-04-07;JOHV;254326
2022-05-04;JOVS;227451
2022-05-31;JOHV;268367
2022-06-18;SA;167243
2022-07-01;JOHV;242231
2022-07-28;JOVS;229097
2022-08-06;SA;139373
2022-09-20;JOHV;311777
2022-10-08;SA;188173
2022-11-28;JOHV;265730
2022-12-07;JOHV;280125
2022-12-08;JOHV;317336
2022-12-16;JOHV;284899
2022-12-22;JOVS;268996
2022-12-24;SA;149161
2023-03-08;JOHV;221086
2023-03-20;JOHV;293668
2023-03-31;JOHV;250828
2023-04-04;JOHV;316330
2023-06-08;JOHV;338465
2023-06-24;SA;172799
2023-07-19;JOVS;288954
2023-08-18;JOVS;160729
2023-09-14;JOHV;319122
2023-10-10;JOHV;339673
2023-10-30;JOVS;280609
2023-12-16;SA;235500
2023-12-24;DIJFP;128123
2024-01-16;JOHV;357158
2024-02-03;SA;177577
2024-02-18;DIJFP;91667
2024-03-09;SA;186939
2024-04-10;JOVS;279594
2024-05-16;JOHV;329862
2024-05-22;JOHV;320095
2024-07-10;JOVS;320188
2024-08-30;JOVS;260291
2024-09-15;DIJFP;125995
2024-09-26;JOHV;357506
2024-10-08;JOHV;376570
2024-10-15;JOHV;364143
2019-04-22;DIJFP;125643
2019-04-27;SA;157873
2019-05-12;DIJFP;97613
2019-05-28;JOHV;384730
2019-07-20;SA;163769
2019-07-25;JOVS;359651
2019-08-11;DIJFP;85960
2019-08-25;DIJFP;91976
2019-10-29;JOVS;340941
2020-01-09;JOHV;310712
2020-02-10;JOVS;348464
2020-02-11;JOVS;365426
2020-02-26;JOHV;364878
2020-03-05;JOHV;363690
2020-03-24;JOHV;12786
2020-03-30;JOHV;12075
2020-05-22;DIJFP;45115
2020-06-27;SA;112170
2020-07-17;JOVS;196238
2020-07-23;JOVS;208619
2020-08-04;JOVS;172086
2020-08-07;JOVS;148337
2020-08-14;JOVS;127199
2020-08-19;JOVS;142817
2020-09-03;JOHV;218488
2020-09-13;DIJFP;73737
2020-09-21;JOHV;214354
2020-10-06;JOHV;226850
2020-10-21;JOVS;203855
2020-11-25;JOHV;65487
2021-01-28;JOHV;133455
2021-05-04;JOHV;88200
2021-05-05;JOHV;88210
2021-05-25;JOHV;134813
2021-05-28;JOHV;147428
2021-07-13;JOVS;211728
2021-08-02;JOVS;141141
2021-08-03;JOVS;151644
2021-08-28;SA;105371
2021-09-11;SA;142889
2021-10-02;SA;158325
2021-10-05;JOHV;263362
2021-10-12;JOHV;268545
2021-10-25;JOVS;238263
2021-11-17;JOHV;259266
2021-11-18;JOHV;268168
2021-12-12;DIJFP;120952
2021-12-23;JOVS;225535
2022-01-09;DIJFP;77175
2022-01-23;DIJFP;78534
2022-02-01;JOHV;206651
2022-02-13;DIJFP;93047
2022-02-23;JOVS;221731
2022-03-11;JOHV;212434
2022-04-16;SA;153431
2022-04-24;DIJFP;86057
2022-05-26;DIJFP;126714
2022-06-19;DIJFP;104151
2022-06-29;JOHV;292230
2022-08-09;JOVS;202331
2022-08-14;DIJFP;83270
2022-08-22;JOVS;193429
2022-08-26;JOVS;183441
2022-11-05;SA;173407
2023-02-01;JOHV;312390
2023-02-14;JOHV;333303
2023-03-04;SA;156562
2023-03-23;JOHV;167741
2023-05-31;JOHV;316747
2023-07-13;JOVS;290014
2023-08-09;JOVS;193525
2023-09-24;DIJFP;114622
2023-09-30;SA;182690
2023-10-31;JOVS;295748
2023-11-17;JOHV;277764
2023-11-27;JOHV;332026
2023-11-28;JOHV;359410
2024-02-06;JOHV;329848
2024-02-12;JOVS;269993
2024-02-23;JOVS;225345
2024-02-29;JOHV;304342
2024-03-02;SA;165706
2024-03-21;JOHV;259478
2024-03-29;JOHV;234632
2024-05-23;JOHV;332637
2024-06-19;JOHV;325960
2024-07-30;JOVS;263554
2024-08-15;DIJFP;109630
2024-09-19;JOHV;340502
2024-10-24;JOVS;346714
2024-11-12;JOHV;344499
2024-11-15;JOHV;301286
2024-11-21;JOHV;337177
2024-06-03;JOHV;315047
2024-06-07;JOHV;271175
2024-06-12;JOHV;331378
2024-06-18;JOHV;340375
2024-06-29;SA;193188
2024-09-09;JOHV;322486
2024-10-07;JOHV;334942
2024-10-25;JOVS;271510
2024-12-12;JOHV;375078
2024-12-21;SA;270346
2019-06-04;JOHV;394331
2019-07-06;SA;202360
2019-11-24;DIJFP;138985
2020-04-20;JOHV;9816
2020-05-07;JOHV;21444
2020-08-12;JOVS;142711
2020-08-21;JOVS;133000
2021-04-07;JOHV;62862
2021-04-10;SA;34854
2021-04-28;JOHV;84961
2021-05-16;DIJFP;24741
2021-05-23;DIJFP;67332
2021-07-04;DIJFP;91089
2021-09-19;DIJFP;87117
2021-12-31;JOVS;148834
2022-02-24;JOVS;208912
2022-03-06;DIJFP;88307
2022-03-09;JOHV;240571
2022-03-29;JOHV;260785
2022-04-29;JOVS;201109
2022-05-07;SA;150600
2022-05-18;JOHV;281686
2022-07-18;JOVS;246654
2022-07-21;JOVS;261067
2022-09-12;JOHV;286661
2022-10-10;JOHV;299213
2022-10-28;JOVS;195906
2022-11-23;JOHV;272771
2023-01-23;JOHV;282698
2023-03-13;JOHV;289222
2023-05-18;DIJFP;139115
2023-05-30;JOHV;305465
2023-07-22;SA;166259
2023-08-01;JOVS;249253
2023-09-02;SA;175096
2023-11-11;DIJFP;184162
2023-12-05;JOHV;367523
2024-01-07;DIJFP;104034
2024-01-28;DIJFP;115046
2024-02-07;JOHV;308420
2024-04-01;DIJFP;106135
2024-04-14;DIJFP;112669
2024-06-15;SA;173726
2024-08-24;SA;139794
2024-12-27;JOVS;241013
2019-03-27;JOHV;377022
2019-07-31;JOVS;315825
2019-08-10;SA;131439
2019-08-30;JOVS;318623
2019-10-10;JOHV;367827
2019-10-28;JOVS;327791
2019-12-25;DIJFP;53594
2020-01-04;SA;156114
2020-01-13;JOHV;365055
2020-03-19;JOHV;14958
2020-04-19;DIJFP;4809
2020-05-08;DIJFP;8410
2020-06-12;JOHV;110008
2020-07-02;JOHV;192051
2020-07-14;DIJFP;73541
2020-07-26;DIJFP;69216
2020-08-13;JOVS;139931
2020-08-20;JOVS;147499
2021-01-05;JOHV;115353
2021-01-29;JOHV;130470
2021-03-01;JOHV;87568
2021-03-09;JOHV;94812
2021-04-15;JOVS;64104
2021-06-11;JOHV;161991
2021-07-12;JOVS;194194
2021-07-31;SA;98053
2021-10-04;JOHV;245653
2021-11-30;JOHV;268148
2021-12-16;JOHV;259326
2019-04-15;JOHV;387132
2019-04-24;JOVS;363003
2019-06-23;DIJFP;119233
2019-12-31;JOVS;225199
2020-02-20;JOVS;352880
2020-05-04;JOHV;19309
2020-07-30;JOVS;191111
2020-11-21;SA;33292
2020-12-22;JOVS;151083
2021-01-14;JOHV;136043
2021-02-22;JOVS;80929
2021-04-04;DIJFP;19506
2021-04-23;JOVS;69645
2021-12-03;JOHV;235290
2022-03-17;JOHV;273182
2022-05-10;JOHV;284924
2022-06-11;SA;188919
2022-06-21;JOHV;307699
2022-07-06;JOVS;284213
2022-07-27;JOVS;210794
2022-09-02;JOHV;227443
2022-09-23;JOHV;253548
2022-09-24;SA;167353
2022-10-14;JOHV;269420
2022-12-15;JOHV;319928
2023-01-12;JOHV;328582
2023-05-26;JOHV;238001
2023-06-03;SA;187655
2023-06-18;DIJFP;119263
2023-07-02;DIJFP;121999
2023-09-07;JOHV;313373
2023-09-19;JOHV;339395
2023-10-18;JOHV;319107
2023-12-25;DIJFP;63829
2024-03-10;DIJFP;97195
2024-03-11;JOHV;238690
2024-05-03;JOHV;253586
2024-05-04;SA;177002
2024-09-03;JOHV;352661
2024-10-05;SA;210414
2024-12-23;JOVS;333108
2019-05-01;DIJFP;86744
2019-05-02;JOVS;373929
2019-05-03;JOVS;327690
2019-05-17;JOHV;376199
2019-06-18;JOHV;440639
2019-06-24;JOHV;404425
2019-07-07;DIJFP;134782
2019-07-13;SA;180410
2019-07-26;JOVS;333628
2019-08-19;JOVS;244429
2019-08-27;JOVS;320941
2019-09-06;JOHV;352108
2019-10-05;SA;185391
2019-10-30;JOVS;334470
2019-11-22;JOHV;394627
2019-12-21;SA;205266
2019-12-24;JOVS;215052
2020-01-07;JOHV;342677
2020-01-08;JOHV;363146
2020-03-01;DIJFP;96974
2020-03-04;JOHV;354445
2020-03-10;JOHV;343427
2020-04-14;JOVS;14003
2020-04-16;JOVS;13132
2020-04-24;JOHV;14144
2020-05-03;DIJFP;4903
2020-05-06;JOHV;19941
2020-05-13;JOHV;39746
2020-06-11;JOHV;116989
2020-07-24;JOVS;180970
2020-08-31;JOVS;204191
2020-09-23;JOHV;231252
2020-10-09;JOHV;202880
2020-10-10;SA;129391
2020-11-06;JOHV;55296
2020-12-12;SA;120550
2021-01-10;DIJFP;58457
2021-01-26;JOHV;118186
2021-02-06;SA;45318
2021-05-19;JOHV;134002
2021-07-21;JOVS;191023
2021-07-27;JOVS;189487
2021-09-05;DIJFP;83459
2021-10-20;JOHV;258479
2021-12-07;JOHV;268009
2021-12-15;JOHV;266239
2022-01-07;JOHV;158455
2022-02-08;JOHV;241012
2022-02-25;JOVS;173649
2022-05-06;JOVS;218839
2022-06-09;JOHV;291767
2022-07-20;JOVS;254879
2022-07-23;SA;147811
2022-08-05;JOVS;173359
2022-10-02;DIJFP;116744
2022-10-24;JOVS;302477
2022-11-06;DIJFP;100968
2022-11-12;SA;179910
2023-01-20;JOHV;248970
2023-03-28;JOHV;206527
2023-04-05;JOHV;308030
2023-04-13;JOHV;275669
2023-04-22;SA;158173
2023-05-17;JOHV;278877
2023-05-25;JOHV;299467
2023-06-28;JOHV;327400
2023-08-06;DIJFP;99652
2023-08-08;JOVS;208867
2023-08-14;DIJFP;143617
2023-08-26;SA;140603
2023-08-28;JOVS;243096
2023-09-17;DIJFP;118937
2023-10-03;JOHV;347359
2023-10-24;JOVS;339338
2023-12-03;DIJFP;145265
2023-12-26;JOVS;216408
2024-01-15;JOHV;320595
2024-03-07;JOHV;273420
2024-03-18;JOHV;283358
2024-03-28;JOHV;311532
2024-05-30;JOHV;346797
2024-06-20;JOHV;336837
2024-06-22;SA;177041
2024-06-27;JOHV;359150
2024-06-30;DIJFP;139920
2024-07-26;JOVS;165803
2024-08-18;DIJFP;88451
2024-10-11;JOHV;291348
2024-10-17;JOHV;359829
2024-11-07;JOHV;345543
2024-11-10;DIJFP;149684
2024-11-18;JOHV;341791
2024-12-04;JOHV;417477
2019-04-02;JOHV;386343
2019-04-29;JOVS;336095
2019-05-14;JOHV;386802
2019-05-15;JOHV;386602
2019-05-24;JOHV;378840
2019-06-08;SA;196930
2019-07-28;DIJFP;107911
2019-08-05;JOVS;282052
2019-08-07;JOVS;277248
2019-08-23;JOVS;263906
2019-09-22;DIJFP;110113
2019-10-07;JOHV;358869
2019-10-09;JOHV;356011
2019-11-25;JOHV;384546
2019-12-23;JOVS;300523
2020-01-30;JOHV;382569
2020-01-31;JOHV;380383
2020-02-08;SA;175789
2020-02-14;JOVS;350075
2020-03-18;JOHV;16359
2020-07-11;SA;108089
2020-07-31;JOVS;151011
2020-08-26;JOVS;175774
2020-08-27;JOVS;180662
2020-09-02;JOHV;214949
2020-10-20;JOVS;208890
2020-11-12;JOHV;66127
2020-11-13;JOHV;62665
2020-12-09;JOHV;112331
2021-01-19;JOHV;118583
2021-01-20;JOHV;138397
2021-05-03;JOHV;89745
2021-05-11;JOHV;101684
2021-06-08;JOHV;139442
2021-06-19;SA;121289
2021-06-22;JOHV;191063
2021-07-01;JOHV;228462
2021-07-11;DIJFP;78801
2021-07-18;DIJFP;73579
2021-08-10;JOVS;133184
2021-09-13;JOHV;226401
2021-10-03;DIJFP;91377
2022-01-11;JOHV;175468
2022-01-24;JOHV;171437
2022-02-07;JOHV;219516
2022-02-26;SA;126900
2022-03-23;JOHV;253808
2022-04-18;DIJFP;100498
2022-05-09;JOHV;251937
2022-06-23;JOHV;313354
2022-07-08;JOVS;242928
2022-08-29;JOVS;239794
2022-10-04;JOHV;317860
2022-10-19;JOHV;308704
2022-11-03;JOVS;297104
2023-01-07;SA;171845
2023-01-24;JOHV;312554
2023-02-10;JOHV;255583
2023-03-26;DIJFP;92413
2023-04-21;JOHV;238399
2023-06-01;JOHV;331903
2023-06-07;JOHV;339281
2023-07-07;JOHV;262649
2023-08-04;JOVS;184425
2023-09-27;JOHV;320758
2023-12-20;JOHV;353789
2024-01-11;JOHV;348518
2024-03-08;JOHV;246328
2024-03-23;SA;180508
2024-06-28;JOHV;285925
2024-07-27;SA;181129
2024-09-17;JOHV;352503
2024-10-06;DIJFP;135071
2024-11-08;JOHV;279110
2024-11-23;SA;282549
2024-11-24;DIJFP;169554
2024-12-01;DIJFP;219902
2024-06-02;DIJFP;125345
2024-06-05;JOHV;331549
2024-08-04;DIJFP;131792
2024-08-07;JOVS;229371
2024-08-27;JOVS;268978
2024-10-09;JOHV;351087
2024-10-20;DIJFP;134567
2024-12-09;JOHV;350941
2024-12-14;SA;298963
2019-03-15;JOHV;367744
2019-03-24;DIJFP;112644
2019-04-07;DIJFP;113142
2019-04-30;JOVS;353397
2019-06-22;SA;195898
2019-07-10;JOVS;392085
2019-07-17;JOVS;371091
2019-09-11;JOHV;370366
2019-09-16;JOHV;370431
2019-09-30;JOHV;370672
2019-10-17;JOHV;366193
2019-11-06;JOHV;340029
2019-11-10;DIJFP;125723
2020-02-09;DIJFP;100659
2020-02-24;JOHV;364562
2020-03-26;JOHV;13431
2020-03-28;SA;8857
2020-05-01;DIJFP;5804
2020-05-16;SA;35452
2020-05-21;DIJFP;26290
2020-06-20;SA;104347
2020-08-02;DIJFP;63962
2020-10-14;JOHV;208100
2020-10-17;SA;114744
2021-01-27;JOHV;125021
2021-02-02;JOHV;97956
2021-02-21;DIJFP;30188
2021-03-08;JOHV;83731
2021-04-21;JOVS;69946
2021-04-24;SA;43126
2021-05-17;JOHV;90513
2021-06-18;JOHV;167124
2021-08-31;JOVS;211155
2021-09-06;JOHV;217522
2021-09-28;JOHV;256307
2021-10-17;DIJFP;96584
2021-10-28;JOVS;253272
2021-12-02;JOHV;261936
2022-01-12;JOHV;192580
2022-01-17;JOHV;180009
2022-05-11;JOHV;271218
2022-09-01;JOHV;256518
2022-10-16;DIJFP;117246
2022-12-10;SA;219290
2023-01-28;SA;189750
2023-02-23;JOVS;285323
2023-03-02;JOVS;271584
2023-03-07;JOHV;125624
2023-03-09;JOHV;273054
2023-03-16;JOHV;295150
2023-03-21;JOHV;320617
2023-04-14;JOHV;249738
2023-05-02;JOVS;282931
2023-06-20;JOHV;365987
2023-06-22;JOHV;316494
2023-07-08;SA;186644
2023-07-14;DIJFP;150005
2023-07-24;JOVS;263547
2023-08-21;JOVS;208523
2023-10-12;JOHV;338136
2023-11-01;DIJFP;133806
2023-12-13;JOHV;358990
2023-12-29;JOVS;222360
2024-01-01;DIJFP;68042
2024-01-17;JOHV;302882
2024-01-19;JOHV;276732
2024-02-15;JOVS;264044
2024-02-28;JOHV;291725
2024-03-03;DIJFP;102437
2024-03-17;DIJFP;112998
2024-08-23;JOVS;171272
2019-05-08;DIJFP;126503
2019-06-09;DIJFP;117681
2019-06-14;JOHV;421288
2019-06-28;JOHV;461156
2019-07-05;JOHV;411897
2019-08-16;DIJFP;172871
2019-09-13;JOHV;208292
2019-11-17;DIJFP;131841
2019-12-09;JOHV;276438
2019-12-10;JOHV;278433
2019-12-27;JOVS;223233
2020-01-05;DIJFP;87400
2020-01-28;JOHV;380320
2020-03-13;JOHV;285203
2020-03-31;JOHV;12074
2020-04-13;DIJFP;6148
2020-04-23;JOHV;14844
2020-07-04;SA;114446
2020-09-08;JOHV;231927
2020-09-28;JOHV;212021
2020-09-29;JOHV;232703
2020-10-15;JOHV;207451
2020-11-24;JOHV;67263
2020-12-21;JOVS;145246
2021-03-11;JOHV;97917
2021-07-26;JOVS;168032
2021-11-10;JOHV;250097
2021-11-20;SA;155927
2021-12-29;JOVS;179994
2022-01-28;JOHV;167220
2022-04-27;JOVS;231687
2022-05-08;DIJFP;95887
2022-05-19;JOHV;282051
2022-06-04;SA;172335
2022-06-06;DIJFP;139543
2022-07-10;DIJFP;114145
2022-07-22;JOVS;206955
2022-07-26;JOVS;256983
2022-07-31;DIJFP;95571
2022-10-17;JOHV;309655
2022-11-09;JOHV;302720
2022-12-27;JOVS;213767
2022-12-31;SA;170167
2023-01-17;JOHV;332980
2023-03-01;JOVS;274317
2023-03-12;DIJFP;106654
2023-05-01;DIJFP;72097
2023-05-24;JOHV;297774
2023-06-21;JOHV;359345
2023-06-23;JOHV;276223
2023-07-16;DIJFP;110804
2023-09-06;JOHV;309707
2023-10-01;DIJFP;118664
2023-10-29;DIJFP;120547
2023-11-02;JOVS;237514
2023-11-07;JOHV;294333
2023-11-22;JOHV;338044
2023-11-30;JOHV;352692
2023-12-08;JOHV;321847
2023-12-11;JOHV;335399
2024-05-28;JOHV;342183
2024-07-05;JOHV;265855
2024-07-21;DIJFP;112715
2024-08-29;JOVS;296362
2024-09-12;JOHV;343552
2024-09-21;SA;188239
2024-09-25;JOHV;344365
2024-10-04;JOHV;292831
2024-10-26;SA;191737
2024-10-28;JOVS;318922
2024-11-29;JOHV;354883
2024-12-16;JOHV;359859
2024-12-18;JOHV;375848
2024-12-28;SA;222917
2024-12-31;JOVS;235152
